grade,image_url,name
8.3,https://img1.doubanio.com/view/photo/s_ratio_poster/public/p2551995207.jpg,调音师
8.9,https://img3.doubanio.com/view/photo/s_ratio_poster/public/p2549177902.jpg,绿皮书
7.5,https://img3.doubanio.com/view/photo/s_ratio_poster/public/p2556510720.jpg,蝙蝠侠大战忍者神龟
7.5,https://img3.doubanio.com/view/photo/s_ratio_poster/public/p2534687964.jpg,只有爱能让我生存
6.2,https://img3.doubanio.com/view/photo/s_ratio_poster/public/p2550080022.jpg,大人物
6.7,https://img1.doubanio.com/view/photo/s_ratio_poster/public/p2551352209.jpg,老师·好
7.3,https://img3.doubanio.com/view/photo/s_ratio_poster/public/p2552522615.jpg,风中有朵雨做的云
6.9,https://img3.doubanio.com/view/photo/s_ratio_poster/public/p2542973862.jpg,飞驰人生
7.9,https://img3.doubanio.com/view/photo/s_ratio_poster/public/p2545472803.jpg,流浪地球
6.4,https://img1.doubanio.com/view/photo/s_ratio_poster/public/p2541901817.jpg,疯狂的外星人
7.8,https://img3.doubanio.com/view/photo/s_ratio_poster/public/p2549537782.jpg,过春天
7.2,https://img3.doubanio.com/view/photo/s_ratio_poster/public/p2537158013.jpg,毒液：致命守护者
7.6,https://img1.doubanio.com/view/photo/s_ratio_poster/public/p2541280047.jpg,海王
8.7,https://img3.doubanio.com/view/photo/s_ratio_poster/public/p2542867516.jpg,蜘蛛侠：平行宇宙
8.1,https://img3.doubanio.com/view/photo/s_ratio_poster/public/p2539661066.jpg,无名之辈
9.0,https://img3.doubanio.com/view/photo/s_ratio_poster/public/p2519070834.jpg,我不是药神
7.1,https://img3.doubanio.com/view/photo/s_ratio_poster/public/p2529571873.jpg,一出好戏
7.3,https://img1.doubanio.com/view/photo/s_ratio_poster/public/p2529389608.jpg,蚁人2：黄蜂女现身
4.8,https://img3.doubanio.com/view/photo/s_ratio_poster/public/p2549523952.jpg,比悲伤更悲伤的故事
8.1,https://img3.doubanio.com/view/photo/s_ratio_poster/public/p2535260806.jpg,无双
8.7,https://img3.doubanio.com/view/photo/s_ratio_poster/public/p2549558913.jpg,波西米亚狂想曲
7.9,https://img3.doubanio.com/view/photo/s_ratio_poster/public/p2544313786.jpg,白蛇：缘起
6.5,https://img1.doubanio.com/view/photo/s_ratio_poster/public/p2529206747.jpg,西虹市首富
8.4,https://img3.doubanio.com/view/photo/s_ratio_poster/public/p2527836922.jpg,盗梦特攻队
5.7,https://img1.doubanio.com/view/photo/s_ratio_poster/public/p2555440969.jpg,新喜剧之王
7.2,https://img3.doubanio.com/view/photo/s_ratio_poster/public/p2543631842.jpg,密室逃生
7.5,https://img3.doubanio.com/view/photo/s_ratio_poster/public/p2546335362.jpg,驯龙高手3
7.0,https://img1.doubanio.com/view/photo/s_ratio_poster/public/p2541662397.jpg,大黄蜂
7.1,https://img1.doubanio.com/view/photo/s_ratio_poster/public/p2538826177.jpg,神奇动物：格林德沃之罪
5.7,https://img3.doubanio.com/view/photo/s_ratio_poster/public/p2546828235.jpg,阳台上
8.1,https://img3.doubanio.com/view/photo/s_ratio_poster/public/p2537667301.jpg,无敌破坏王2：大闹互联网
7.2,https://img3.doubanio.com/view/photo/s_ratio_poster/public/p2530513100.jpg,影
7.8,https://img3.doubanio.com/view/photo/s_ratio_poster/public/p2551172384.jpg,海市蜃楼
7.6,https://img3.doubanio.com/view/photo/s_ratio_poster/public/p2544987866.jpg,阿丽塔：战斗天使
8.1,https://img3.doubanio.com/view/photo/s_ratio_poster/public/p2529365085.jpg,碟中谍6：全面瓦解
8.6,https://img3.doubanio.com/view/photo/s_ratio_poster/public/p2529384763.jpg,无主之作
7.0,https://img3.doubanio.com/view/photo/s_ratio_poster/public/p2526297221.jpg,邪不压正
6.6,https://img3.doubanio.com/view/photo/s_ratio_poster/public/p2551249211.jpg,雷霆沙赞！
6.3,https://img3.doubanio.com/view/photo/s_ratio_poster/public/p2544302605.jpg,姐姐
5.8,https://img1.doubanio.com/view/photo/s_ratio_poster/public/p2542268337.jpg,来电狂响
8.1,https://img3.doubanio.com/view/photo/s_ratio_poster/public/p2542326692.jpg,骡子
6.5,https://img1.doubanio.com/view/photo/s_ratio_poster/public/p2544988187.jpg,“大”人物
5.8,https://img3.doubanio.com/view/photo/s_ratio_poster/public/p2547439963.jpg,宠物坟场
6.6,https://img3.doubanio.com/view/photo/s_ratio_poster/public/p2537453473.jpg,忌日快乐2
7.2,https://img1.doubanio.com/view/photo/s_ratio_poster/public/p2525528688.jpg,动物世界
7.0,https://img3.doubanio.com/view/photo/s_ratio_poster/public/p2550293795.jpg,甲铁城的卡巴内瑞：海门决战
7.7,https://img1.doubanio.com/view/photo/s_ratio_poster/public/p2542216607.jpg,极限职业
8.4,https://img3.doubanio.com/view/photo/s_ratio_poster/public/p2521499792.jpg,气球
7.4,https://img1.doubanio.com/view/photo/s_ratio_poster/public/p2534471408.jpg,找到你
6.7,https://img1.doubanio.com/view/photo/s_ratio_poster/public/p2538345957.jpg,你好，之华
4.6,https://img3.doubanio.com/view/photo/s_ratio_poster/public/p2533384240.jpg,李茶的姑妈
7.7,https://img3.doubanio.com/view/photo/s_ratio_poster/public/p2548053134.jpg,教授与疯子
6.7,https://img3.doubanio.com/view/photo/s_ratio_poster/public/p2542537113.jpg,冷血追击
7.2,https://img1.doubanio.com/view/photo/s_ratio_poster/public/p2541979727.jpg,一个明星的诞生
7.7,https://img1.doubanio.com/view/photo/s_ratio_poster/public/p2524186967.jpg,你的鸟儿会唱歌
7.6,https://img3.doubanio.com/view/photo/s_ratio_poster/public/p2527797980.jpg,深红累之渊
6.8,https://img3.doubanio.com/view/photo/s_ratio_poster/public/p2531080870.jpg,快把我哥带走
8.0,https://img1.doubanio.com/view/photo/s_ratio_poster/public/p2546745948.jpg,夏目友人帐
5.8,https://img1.doubanio.com/view/photo/s_ratio_poster/public/p2529701498.jpg,悲伤逆流成河
7.4,https://img3.doubanio.com/view/photo/s_ratio_poster/public/p2532012274.jpg,宠儿
6.1,https://img3.doubanio.com/view/photo/s_ratio_poster/public/p2533173724.jpg,昨日青空
5.0,https://img3.doubanio.com/view/photo/s_ratio_poster/public/p2541663671.jpg,钢铁苍穹2：即临种族
6.9,https://img1.doubanio.com/view/photo/s_ratio_poster/public/p2545487478.jpg,一条狗的回家路
5.7,https://img3.doubanio.com/view/photo/s_ratio_poster/public/p2530572643.jpg,巨齿鲨
8.4,https://img1.doubanio.com/view/photo/s_ratio_poster/public/p2539127687.jpg,巴斯特·斯克鲁格斯的歌谣
6.9,https://img3.doubanio.com/view/photo/s_ratio_poster/public/p2545571306.jpg,我想吃掉你的胰脏
6.4,https://img1.doubanio.com/view/photo/s_ratio_poster/public/p2541258858.jpg,玻璃先生
6.7,https://img3.doubanio.com/view/photo/s_ratio_poster/public/p2530591543.jpg,精灵旅社3：疯狂假期
4.6,https://img3.doubanio.com/view/photo/s_ratio_poster/public/p2546255256.jpg,一吻定情
7.5,https://img3.doubanio.com/view/photo/s_ratio_poster/public/p2550440855.jpg,告诉蜜蜂
7.1,https://img1.doubanio.com/view/photo/s_ratio_poster/public/p2545549959.jpg,娑婆诃
7.5,https://img3.doubanio.com/view/photo/s_ratio_poster/public/p2554795240.jpg,龙珠超：布罗利
6.0,https://img3.doubanio.com/view/photo/s_ratio_poster/public/p2537214991.jpg,胡桃夹子和四个王国
6.4,https://img3.doubanio.com/view/photo/s_ratio_poster/public/p2538352472.jpg,憨豆特工3
5.4,https://img3.doubanio.com/view/photo/s_ratio_poster/public/p2554020294.jpg,廉政风云
6.1,https://img3.doubanio.com/view/photo/s_ratio_poster/public/p2526405034.jpg,狄仁杰之四大天王
8.7,https://img1.doubanio.com/view/photo/s_ratio_poster/public/p2526509538.jpg,阳光姐妹淘
8.2,https://img1.doubanio.com/view/photo/s_ratio_poster/public/p2545836537.jpg,摇摆狂潮
5.7,https://img3.doubanio.com/view/photo/s_ratio_poster/public/p2531887203.jpg,反贪风暴3
6.3,https://img3.doubanio.com/view/photo/s_ratio_poster/public/p2527484082.jpg,摩天营救
6.6,https://img3.doubanio.com/view/photo/s_ratio_poster/public/p2552505334.jpg,极端邪恶
7.4,https://img1.doubanio.com/view/photo/s_ratio_poster/public/p2549843887.jpg,生日
7.4,https://img1.doubanio.com/view/photo/s_ratio_poster/public/p2542310147.jpg,旅猫日记
7.9,https://img3.doubanio.com/view/photo/s_ratio_poster/public/p2522880251.jpg,超人总动员2
7.5,https://img3.doubanio.com/view/photo/s_ratio_poster/public/p2536564565.jpg,国家破产之日
6.7,https://img3.doubanio.com/view/photo/s_ratio_poster/public/p2508259902.jpg,瞒天过海：美人计
6.8,https://img3.doubanio.com/view/photo/s_ratio_poster/public/p2540428736.jpg,翠丝
7.7,https://img1.doubanio.com/view/photo/s_ratio_poster/public/p2552969589.jpg,证人
6.6,https://img3.doubanio.com/view/photo/s_ratio_poster/public/p2548832210.jpg,钱
6.7,https://img1.doubanio.com/view/photo/s_ratio_poster/public/p2539102629.jpg,假面骑士平成世代 FOREVER
6.9,https://img3.doubanio.com/view/photo/s_ratio_poster/public/p2543862640.jpg,黑镜：潘达斯奈基
5.8,https://img1.doubanio.com/view/photo/s_ratio_poster/public/p2544381499.jpg,神童
7.3,https://img1.doubanio.com/view/photo/s_ratio_poster/public/p2522814268.jpg,魔女
6.4,https://img3.doubanio.com/view/photo/s_ratio_poster/public/p2542526600.jpg,为家而战
7.5,https://img3.doubanio.com/view/photo/s_ratio_poster/public/p2542554024.jpg,一次聚会
7.6,https://img1.doubanio.com/view/photo/s_ratio_poster/public/p2528153937.jpg,性别为本
3.8,https://img3.doubanio.com/view/photo/s_ratio_poster/public/p2543353290.jpg,天气预爆
6.9,https://img3.doubanio.com/view/photo/s_ratio_poster/public/p2530872223.jpg,风语咒
7.5,https://img3.doubanio.com/view/photo/s_ratio_poster/public/p2527205786.jpg,与神同行2：因与缘
7.3,https://img1.doubanio.com/view/photo/s_ratio_poster/public/p2548750147.jpg,劫匪
6.1,https://img3.doubanio.com/view/photo/s_ratio_poster/public/p2540295055.jpg,摘金奇缘
7.0,https://img3.doubanio.com/view/photo/s_ratio_poster/public/p2553655650.jpg,逆流大叔
7.2,https://img1.doubanio.com/view/photo/s_ratio_poster/public/p2548783889.jpg,我的英雄学院：两位英雄
6.3,https://img1.doubanio.com/view/photo/s_ratio_poster/public/p2529013378.jpg,亿男
7.4,https://img1.doubanio.com/view/photo/s_ratio_poster/public/p2553873909.jpg,鹈鹕的故事
6.7,https://img3.doubanio.com/view/photo/s_ratio_poster/public/p2532759044.jpg,阴风阵阵
3.8,https://img1.doubanio.com/view/photo/s_ratio_poster/public/p2545389067.jpg,神探蒲松龄
6.7,https://img3.doubanio.com/view/photo/s_ratio_poster/public/p2549353234.jpg,乐高大电影2
6.4,https://img3.doubanio.com/view/photo/s_ratio_poster/public/p2543972440.jpg,掠食城市
6.1,https://img1.doubanio.com/view/photo/s_ratio_poster/public/p2543252028.jpg,遗孀秘闻
7.7,https://img3.doubanio.com/view/photo/s_ratio_poster/public/p2532776305.jpg,登月第一人
6.7,https://img3.doubanio.com/view/photo/s_ratio_poster/public/p2522069454.jpg,侏罗纪世界2
6.8,https://img3.doubanio.com/view/photo/s_ratio_poster/public/p2535858294.jpg,副总统
7.4,https://img1.doubanio.com/view/photo/s_ratio_poster/public/p2536682459.jpg,被抹去的男孩
6.5,https://img3.doubanio.com/view/photo/s_ratio_poster/public/p2549395033.jpg,恶霸警察
5.7,https://img3.doubanio.com/view/photo/s_ratio_poster/public/p2529115701.jpg,虽然只是弄丢了手机
7.3,https://img3.doubanio.com/view/photo/s_ratio_poster/public/p2533613106.jpg,寄宿学校
7.4,https://img3.doubanio.com/view/photo/s_ratio_poster/public/p2527126044.jpg,银魂2
6.7,https://img3.doubanio.com/view/photo/s_ratio_poster/public/p2539891882.jpg,坏种
3.6,https://img3.doubanio.com/view/photo/s_ratio_poster/public/p2550071250.jpg,我唾弃你的坟墓：似曾相识
7.1,https://img3.doubanio.com/view/photo/s_ratio_poster/public/p2527824211.jpg,一个小忙
7.1,https://img3.doubanio.com/view/photo/s_ratio_poster/public/p2537908150.jpg,蒙上你的眼
6.0,https://img3.doubanio.com/view/photo/s_ratio_poster/public/p2549923514.jpg,芳龄十六
4.7,https://img3.doubanio.com/view/photo/s_ratio_poster/public/p2553279350.jpg,如影随心
7.1,https://img3.doubanio.com/view/photo/s_ratio_poster/public/p2544510053.jpg,奎迪：英雄再起
6.2,https://img1.doubanio.com/view/photo/s_ratio_poster/public/p2545482528.jpg,太空生活
6.2,https://img3.doubanio.com/view/photo/s_ratio_poster/public/p2533822396.jpg,我的间谍前男友
7.0,https://img3.doubanio.com/view/photo/s_ratio_poster/public/p2540444795.jpg,我身体里的那个家伙
7.7,https://img3.doubanio.com/view/photo/s_ratio_poster/public/p2531057405.jpg,T-34坦克
5.0,https://img3.doubanio.com/view/photo/s_ratio_poster/public/p2535191502.jpg,黄金兄弟
6.6,https://img3.doubanio.com/view/photo/s_ratio_poster/public/p2541035591.jpg,熊出没·原始时代
5.9,https://img3.doubanio.com/view/photo/s_ratio_poster/public/p2528357976.jpg,修女
8.0,https://img3.doubanio.com/view/photo/s_ratio_poster/public/p2523016274.jpg,克里斯托弗·罗宾
6.4,https://img3.doubanio.com/view/photo/s_ratio_poster/public/p2544791864.jpg,德鲁大叔
6.5,https://img1.doubanio.com/view/photo/s_ratio_poster/public/p2530871439.jpg,阿尔法：狼伴归途
6.9,https://img3.doubanio.com/view/photo/s_ratio_poster/public/p2552445585.jpg,极线杀手
4.2,https://img1.doubanio.com/view/photo/s_ratio_poster/public/p2526215398.jpg,胖子行动队
6.3,https://img3.doubanio.com/view/photo/s_ratio_poster/public/p2531644863.jpg,彼布利亚古书堂事件手帖
7.7,https://img3.doubanio.com/view/photo/s_ratio_poster/public/p2544474921.jpg,脱欧：无理之战
6.8,https://img1.doubanio.com/view/photo/s_ratio_poster/public/p2537955628.jpg,门锁
5.6,https://img3.doubanio.com/view/photo/s_ratio_poster/public/p2552608202.jpg,在乎你
5.9,https://img1.doubanio.com/view/photo/s_ratio_poster/public/p2550344239.jpg,死寂
7.4,https://img1.doubanio.com/view/photo/s_ratio_poster/public/p2529112058.jpg,致所有我曾爱过的男孩
7.6,https://img3.doubanio.com/view/photo/s_ratio_poster/public/p2552539542.jpg,幸运儿彼尔
6.7,https://img3.doubanio.com/view/photo/s_ratio_poster/public/p2515404175.jpg,欢乐满人间2
7.3,https://img1.doubanio.com/view/photo/s_ratio_poster/public/p2545912829.jpg,江边旅馆
5.9,https://img1.doubanio.com/view/photo/s_ratio_poster/public/p2545486388.jpg,家和万事惊
5.2,https://img3.doubanio.com/view/photo/s_ratio_poster/public/p2531326284.jpg,宝贝儿
4.9,https://img3.doubanio.com/view/photo/s_ratio_poster/public/p2537399580.jpg,铁血战士
7.6,https://img3.doubanio.com/view/photo/s_ratio_poster/public/p2535257594.jpg,阿拉姜色
7.5,https://img3.doubanio.com/view/photo/s_ratio_poster/public/p2542869952.jpg,终点到达
7.0,https://img1.doubanio.com/view/photo/s_ratio_poster/public/p2553738857.jpg,番石榴岛
5.1,https://img1.doubanio.com/view/photo/s_ratio_poster/public/p2528842218.jpg,大师兄
7.2,https://img1.doubanio.com/view/photo/s_ratio_poster/public/p2526785147.jpg,咖啡未冷前
6.3,https://img3.doubanio.com/view/photo/s_ratio_poster/public/p2548370093.jpg,三方国界
6.7,https://img3.doubanio.com/view/photo/s_ratio_poster/public/p2548827912.jpg,逃出水泥地
7.4,https://img3.doubanio.com/view/photo/s_ratio_poster/public/p2526823875.jpg,超人之死
7.2,https://img3.doubanio.com/view/photo/s_ratio_poster/public/p2551808973.jpg,检察方的罪人
4.9,https://img3.doubanio.com/view/photo/s_ratio_poster/public/p2542196785.jpg,非分熟女
6.9,https://img3.doubanio.com/view/photo/s_ratio_poster/public/p2530922420.jpg,皇家酒店谋杀案
6.1,https://img3.doubanio.com/view/photo/s_ratio_poster/public/p2535338893.jpg,宁静
7.3,https://img3.doubanio.com/view/photo/s_ratio_poster/public/p2511831665.jpg,恋如雨止
7.2,https://img1.doubanio.com/view/photo/s_ratio_poster/public/p2529147387.jpg,64号病历
5.2,https://img1.doubanio.com/view/photo/s_ratio_poster/public/p2548885287.jpg,粽邪
7.2,https://img3.doubanio.com/view/photo/s_ratio_poster/public/p2528205132.jpg,你的婚礼
7.1,https://img1.doubanio.com/view/photo/s_ratio_poster/public/p2516537208.jpg,你能原谅我吗？
6.1,https://img1.doubanio.com/view/photo/s_ratio_poster/public/p2539946987.jpg,克隆人
7.9,https://img1.doubanio.com/view/photo/s_ratio_poster/public/p2547694957.jpg,驭风男孩
7.7,https://img3.doubanio.com/view/photo/s_ratio_poster/public/p2532760814.jpg,希斯特斯兄弟
7.6,https://img3.doubanio.com/view/photo/s_ratio_poster/public/p2544157135.jpg,遇见女孩的感觉
7.4,https://img3.doubanio.com/view/photo/s_ratio_poster/public/p2536570825.jpg,完美的他人
7.1,https://img3.doubanio.com/view/photo/s_ratio_poster/public/p2537465672.jpg,本回家了
7.3,https://img1.doubanio.com/view/photo/s_ratio_poster/public/p2524187708.jpg,海吉拉
8.5,https://img3.doubanio.com/view/photo/s_ratio_poster/public/p2542818900.jpg,命运之夜——天之杯：迷失之蝶
7.2,https://img3.doubanio.com/view/photo/s_ratio_poster/public/p2534698026.jpg,白小姐
7.5,https://img3.doubanio.com/view/photo/s_ratio_poster/public/p2547253192.jpg,速成家庭
6.8,https://img3.doubanio.com/view/photo/s_ratio_poster/public/p2551511641.jpg,响：成为小说家的方法
6.5,https://img3.doubanio.com/view/photo/s_ratio_poster/public/p2533977336.jpg,霸主
5.9,https://img3.doubanio.com/view/photo/s_ratio_poster/public/p2541754700.jpg,印度暴徒
6.6,https://img1.doubanio.com/view/photo/s_ratio_poster/public/p2530307377.jpg,食女
5.8,https://img3.doubanio.com/view/photo/s_ratio_poster/public/p2537265654.jpg,无间炼狱
7.4,https://img1.doubanio.com/view/photo/s_ratio_poster/public/p2535550507.jpg,雪怪大冒险
7.4,https://img1.doubanio.com/view/photo/s_ratio_poster/public/p2556430298.jpg,过昭关
7.8,https://img1.doubanio.com/view/photo/s_ratio_poster/public/p2528989179.jpg,你给的仇恨
6.1,https://img3.doubanio.com/view/photo/s_ratio_poster/public/p2537276351.jpg,玛丽女王
7.1,https://img1.doubanio.com/view/photo/s_ratio_poster/public/p2532482728.jpg,私人战争
6.2,https://img1.doubanio.com/view/photo/s_ratio_poster/public/p2539666559.jpg,绿毛怪格林奇
4.9,https://img3.doubanio.com/view/photo/s_ratio_poster/public/p2536428705.jpg,那个女孩的俘虏
3.5,https://img3.doubanio.com/view/photo/s_ratio_poster/public/p2540374845.jpg,武林怪兽
5.6,https://img3.doubanio.com/view/photo/s_ratio_poster/public/p2542380253.jpg,叶问外传：张天志
6.2,https://img3.doubanio.com/view/photo/s_ratio_poster/public/p2526320265.jpg,漂亮男孩
4.0,https://img3.doubanio.com/view/photo/s_ratio_poster/public/p2528440374.jpg,青涩之恋
5.3,https://img1.doubanio.com/view/photo/s_ratio_poster/public/p2540663079.jpg,傀儡姬
6.9,https://img3.doubanio.com/view/photo/s_ratio_poster/public/p2533160941.jpg,协商
7.0,https://img3.doubanio.com/view/photo/s_ratio_poster/public/p2529742142.jpg,伸冤人2
5.7,https://img3.doubanio.com/view/photo/s_ratio_poster/public/p2540707600.jpg,倾听男人心
5.9,https://img3.doubanio.com/view/photo/s_ratio_poster/public/p2506395710.jpg,月光光心慌慌
6.7,https://img3.doubanio.com/view/photo/s_ratio_poster/public/p2540706012.jpg,冰海陷落
4.0,https://img1.doubanio.com/view/photo/s_ratio_poster/public/p2541742368.jpg,中国合伙人2
7.0,https://img3.doubanio.com/view/photo/s_ratio_poster/public/p2536326483.jpg,老人和枪
8.6,https://img3.doubanio.com/view/photo/s_ratio_poster/public/p2527221882.jpg,续·终物语
7.2,https://img1.doubanio.com/view/photo/s_ratio_poster/public/p2528895738.jpg,90年代中期
5.3,https://img3.doubanio.com/view/photo/s_ratio_poster/public/p2524161946.jpg,伦敦战场
7.0,https://img3.doubanio.com/view/photo/s_ratio_poster/public/p2528272481.jpg,妈妈咪呀2
6.7,https://img1.doubanio.com/view/photo/s_ratio_poster/public/p2520296878.jpg,边境杀手2：边境战士
7.7,https://img3.doubanio.com/view/photo/s_ratio_poster/public/p2542477332.jpg,词典
5.5,https://img3.doubanio.com/view/photo/s_ratio_poster/public/p2537306831.jpg,滴答屋
5.9,https://img3.doubanio.com/view/photo/s_ratio_poster/public/p2546947022.jpg,难道不浪漫
6.3,https://img1.doubanio.com/view/photo/s_ratio_poster/public/p2551998648.jpg,无情暴虐
5.6,https://img3.doubanio.com/view/photo/s_ratio_poster/public/p2526429256.jpg,肆式青春
7.7,https://img1.doubanio.com/view/photo/s_ratio_poster/public/p2540946818.jpg,天方异谈
6.4,https://img3.doubanio.com/view/photo/s_ratio_poster/public/p2524662263.jpg,一周不死，全额退款
6.4,https://img3.doubanio.com/view/photo/s_ratio_poster/public/p2541077001.jpg,假若比尔街能说话
6.1,https://img3.doubanio.com/view/photo/s_ratio_poster/public/p2527640726.jpg,目击者
6.3,https://img3.doubanio.com/view/photo/s_ratio_poster/public/p2526117682.jpg,美丽
7.7,https://img1.doubanio.com/view/photo/s_ratio_poster/public/p2548709468.jpg,劣迹斑斑
6.2,https://img3.doubanio.com/view/photo/s_ratio_poster/public/p2537861600.jpg,寡妇联盟
7.1,https://img3.doubanio.com/view/photo/s_ratio_poster/public/p2528924662.jpg,山茶花飘零
6.8,https://img3.doubanio.com/view/photo/s_ratio_poster/public/p2520254064.jpg,22英里
4.6,https://img3.doubanio.com/view/photo/s_ratio_poster/public/p2551252121.jpg,三重威胁之跨国大营救
7.4,https://img1.doubanio.com/view/photo/s_ratio_poster/public/p2532668828.jpg,塔巴德
7.5,https://img1.doubanio.com/view/photo/s_ratio_poster/public/p2536561659.jpg,康斯坦丁：恶魔之城 电影版
6.2,https://img1.doubanio.com/view/photo/s_ratio_poster/public/p2538593487.jpg,愤怒的黄牛
4.9,https://img3.doubanio.com/view/photo/s_ratio_poster/public/p2523437806.jpg,龙虾刑警
6.8,https://img3.doubanio.com/view/photo/s_ratio_poster/public/p2545769995.jpg,超人王朝
6.7,https://img3.doubanio.com/view/photo/s_ratio_poster/public/p2533909043.jpg,暗数杀人
6.6,https://img3.doubanio.com/view/photo/s_ratio_poster/public/p2532653002.jpg,硬核机器人
6.8,https://img3.doubanio.com/view/photo/s_ratio_poster/public/p2537378120.jpg,库尔斯克
4.7,https://img3.doubanio.com/view/photo/s_ratio_poster/public/p2546069661.jpg,战斗民族养成记
6.4,https://img1.doubanio.com/view/photo/s_ratio_poster/public/p2518838998.jpg,毒战
6.2,https://img1.doubanio.com/view/photo/s_ratio_poster/public/p2520170117.jpg,三次元女友
6.4,https://img1.doubanio.com/view/photo/s_ratio_poster/public/p2540630419.jpg,欢迎来到马文镇
6.5,https://img1.doubanio.com/view/photo/s_ratio_poster/public/p2536294679.jpg,三夫
8.1,https://img3.doubanio.com/view/photo/s_ratio_poster/public/p2533091683.jpg,独孤：倒回
8.7,https://img3.doubanio.com/view/photo/s_ratio_poster/public/p2526385810.jpg,悠哉日常大王剧场版：假期活动
7.4,https://img3.doubanio.com/view/photo/s_ratio_poster/public/p2540560375.jpg,斯坦和奥利
6.8,https://img3.doubanio.com/view/photo/s_ratio_poster/public/p2531809506.jpg,彼铁卢
5.7,https://img3.doubanio.com/view/photo/s_ratio_poster/public/p2539238884.jpg,麻药王
6.3,https://img1.doubanio.com/view/photo/s_ratio_poster/public/p2552274289.jpg,正义联盟大战致命五人组
7.5,https://img3.doubanio.com/view/photo/s_ratio_poster/public/p2536598700.jpg,挪威7·22爆炸枪击案
6.2,https://img1.doubanio.com/view/photo/s_ratio_poster/public/p2533307609.jpg,永恒之门
6.7,https://img3.doubanio.com/view/photo/s_ratio_poster/public/p2517449456.jpg,每天回家都会看到老婆在装死
6.8,https://img3.doubanio.com/view/photo/s_ratio_poster/public/p2541197052.jpg,惊涛飓浪
6.8,https://img3.doubanio.com/view/photo/s_ratio_poster/public/p2533833822.jpg,未择之路
4.0,https://img3.doubanio.com/view/photo/s_ratio_poster/public/p2530146643.jpg,那些女人
7.1,https://img1.doubanio.com/view/photo/s_ratio_poster/public/p2502733407.jpg,最好的朋友
7.7,https://img3.doubanio.com/view/photo/s_ratio_poster/public/p2523138791.jpg,我是江小白 剧场版
6.4,https://img1.doubanio.com/view/photo/s_ratio_poster/public/p2537054509.jpg,我的冤家是条狗
6.5,https://img1.doubanio.com/view/photo/s_ratio_poster/public/p2523586097.jpg,薄荷
7.4,https://img3.doubanio.com/view/photo/s_ratio_poster/public/p2537410854.jpg,法外之王
5.9,https://img3.doubanio.com/view/photo/s_ratio_poster/public/p2554550794.jpg,完美约会对象
8.1,https://img1.doubanio.com/view/photo/s_ratio_poster/public/p2513656628.jpg,少年泰坦出击电影版
5.7,https://img3.doubanio.com/view/photo/s_ratio_poster/public/p2540906323.jpg,光之声
4.9,https://img3.doubanio.com/view/photo/s_ratio_poster/public/p2551872873.jpg,境·界
6.3,https://img3.doubanio.com/view/photo/s_ratio_poster/public/p2540362936.jpg,所有邪佞之人
7.3,https://img3.doubanio.com/view/photo/s_ratio_poster/public/p2547510296.jpg,指挥家
7.3,https://img3.doubanio.com/view/photo/s_ratio_poster/public/p2538157284.jpg,乔纳斯
7.7,https://img3.doubanio.com/view/photo/s_ratio_poster/public/p2532744203.jpg,地牢回忆
7.4,https://img3.doubanio.com/view/photo/s_ratio_poster/public/p2543416884.jpg,哥哥
5.5,https://img3.doubanio.com/view/photo/s_ratio_poster/public/p2529567560.jpg,上流社会
5.6,https://img3.doubanio.com/view/photo/s_ratio_poster/public/p2532429860.jpg,人面鱼：红衣小女孩外传
5.7,https://img3.doubanio.com/view/photo/s_ratio_poster/public/p2534697355.jpg,猖獗
6.1,https://img3.doubanio.com/view/photo/s_ratio_poster/public/p2532743911.jpg,日暮
5.7,https://img3.doubanio.com/view/photo/s_ratio_poster/public/p2523582771.jpg,朋克武士
5.6,https://img3.doubanio.com/view/photo/s_ratio_poster/public/p2546031300.jpg,天鹅绒圆锯
6.6,https://img3.doubanio.com/view/photo/s_ratio_poster/public/p2520435820.jpg,抓人游戏
5.7,https://img1.doubanio.com/view/photo/s_ratio_poster/public/p2550457539.jpg,罗布奥特曼剧场版：决定了！羁绊的水晶
5.9,https://img3.doubanio.com/view/photo/s_ratio_poster/public/p2535338885.jpg,镜中人
6.1,https://img1.doubanio.com/view/photo/s_ratio_poster/public/p2534409887.jpg,蜘蛛网中的女孩
5.3,https://img3.doubanio.com/view/photo/s_ratio_poster/public/p2524686290.jpg,泄密者
6.3,https://img3.doubanio.com/view/photo/s_ratio_poster/public/p2540708832.jpg,时间怪客
5.4,https://img1.doubanio.com/view/photo/s_ratio_poster/public/p2525919199.jpg,人类清除计划4
6.9,https://img3.doubanio.com/view/photo/s_ratio_poster/public/p2523397170.jpg,谁杀死了堂吉诃德
6.6,https://img3.doubanio.com/view/photo/s_ratio_poster/public/p2521633351.jpg,非同凡响
6.9,https://img3.doubanio.com/view/photo/s_ratio_poster/public/p2513056531.jpg,初吻50次
6.3,https://img3.doubanio.com/view/photo/s_ratio_poster/public/p2548840165.jpg,逃组
5.1,https://img3.doubanio.com/view/photo/s_ratio_poster/public/p2521073240.jpg,罗宾汉：起源
6.2,https://img3.doubanio.com/view/photo/s_ratio_poster/public/p2515826615.jpg,友罪
6.1,https://img3.doubanio.com/view/photo/s_ratio_poster/public/p2545388394.jpg,阿加莎与谋杀的真谛
6.3,https://img1.doubanio.com/view/photo/s_ratio_poster/public/p2548082317.jpg,淡蓝琥珀
5.5,https://img3.doubanio.com/view/photo/s_ratio_poster/public/p2542363625.jpg,王者少年
6.9,https://img3.doubanio.com/view/photo/s_ratio_poster/public/p2535452413.jpg,嗜人之夜
7.1,https://img3.doubanio.com/view/photo/s_ratio_poster/public/p2535657443.jpg,咏鹅
8.4,https://img3.doubanio.com/view/photo/s_ratio_poster/public/p2517193540.jpg,代号基亚斯：反叛的鲁路修3之皇道
5.2,https://img3.doubanio.com/view/photo/s_ratio_poster/public/p2520584463.jpg,绝对恋爱命令
5.6,https://img3.doubanio.com/view/photo/s_ratio_poster/public/p2520166254.jpg,重塑人生
5.8,https://img1.doubanio.com/view/photo/s_ratio_poster/public/p2541178199.jpg,幻土
4.2,https://img1.doubanio.com/view/photo/s_ratio_poster/public/p2539777749.jpg,有五个姐姐的我就注定要单身了啊！！
7.2,https://img3.doubanio.com/view/photo/s_ratio_poster/public/p2548065293.jpg,集中营里的摄影师
6.9,https://img3.doubanio.com/view/photo/s_ratio_poster/public/p2514799820.jpg,精灵宝可梦：大家的故事
7.0,https://img3.doubanio.com/view/photo/s_ratio_poster/public/p2531097433.jpg,阿浪的远方
5.1,https://img3.doubanio.com/view/photo/s_ratio_poster/public/p2521030550.jpg,给19岁的我自己
4.3,https://img3.doubanio.com/view/photo/s_ratio_poster/public/p2545486463.jpg,差等生乔曦
7.5,https://img3.doubanio.com/view/photo/s_ratio_poster/public/p2533267626.jpg,一代巨星桑杰君
5.7,https://img3.doubanio.com/view/photo/s_ratio_poster/public/p2537225602.jpg,选美小姐
5.8,https://img3.doubanio.com/view/photo/s_ratio_poster/public/p2549556633.jpg,灭绝
5.1,https://img3.doubanio.com/view/photo/s_ratio_poster/public/p2550904240.jpg,地面之洞
7.4,https://img3.doubanio.com/view/photo/s_ratio_poster/public/p2547528280.jpg,小小巨人
6.9,https://img3.doubanio.com/view/photo/s_ratio_poster/public/p2521689791.jpg,哈纳莱伊湾
7.6,https://img3.doubanio.com/view/photo/s_ratio_poster/public/p2450467970.jpg,牵牛花与加濑同学
,,
